Cluster,Size,Churn_Rate,Age,Subscription_Length,Support_Tickets_Raised,Satisfaction_Score,Discount_Offered,Last_Activity,Monthly_Spend,Churn_Rate_Percent,Cluster_Name
0,1601,0.7545284197376639,43.09806371018114,26.326670830730794,2.0949406620861963,2.7101811367895063,11.69732667083073,177.81324172392254,37.939113054341036,75.4528419737664,At-Risk Mid-Tenure
1,1168,0.24143835616438356,43.70890410958904,16.023972602739725,2.160958904109589,7.7688356164383565,12.340770547945207,188.2679794520548,47.81607876712329,24.143835616438356,New Loyal
2,1282,0.2550702028081123,43.90015600624025,46.06396255850234,1.825273010920437,7.072542901716068,13.434524180967239,181.24336973478938,56.206076443057725,25.507020280811233,Established Loyal
